{"cameraMode":{"drawMode":0,"name":"Shaded","section":"Shading Mode"},"sceneLighting":false,"audioPlay":false,"sceneViewState":{"m_AlwaysRefresh":false,"showFog":true,"showSkybox":false,"showFlares":true,"showImageEffects":true,"showParticleSystems":true,"showVisualEffectGraphs":true,"m_FxEnabled":true},"in2DMode":false,"pivot":{"x":780.8467407226563,"y":146.00149536132813,"z":315.2977294921875},"rotation":{"x":-0.08271535485982895,"y":0.0020903637632727625,"z":-0.00017224071780219674,"w":-0.9965761303901672},"size":564.34716796875,"orthographic":false}